{"cameraMode":{"drawMode":0,"name":"Shaded","section":"Shading Mode"},"sceneLighting":false,"audioPlay":false,"sceneViewState":{"showFog":true,"showMaterialUpdate":false,"showSkybox":false,"showFlares":true,"showImageEffects":true,"showParticleSystems":true,"showVisualEffectGraphs":true,"m_FxEnabled":true},"in2DMode":false,"pivot":{"x":0.08743345737457276,"y":2.0820717811584474,"z":-0.23970794677734376},"rotation":{"x":0.19993898272514344,"y":0.011752654798328877,"z":-0.002398293698206544,"w":0.9797381162643433},"size":3.1788294315338136,"orthographic":false}