{"cameraMode":{"drawMode":0,"name":"Shaded","section":"Shading Mode"},"sceneLighting":true,"audioPlay":false,"sceneViewState":{"showFog":true,"showMaterialUpdate":false,"showSkybox":true,"showFlares":true,"showImageEffects":true,"showParticleSystems":true,"showVisualEffectGraphs":true,"m_FxEnabled":true},"in2DMode":false,"pivot":{"x":122.80753326416016,"y":77.88462829589844,"z":4.3191375732421879},"rotation":{"x":-0.03310694172978401,"y":0.9625129103660584,"z":0.13778968155384065,"w":0.23126399517059327},"size":94.39102172851563,"orthographic":false}